revMer1,caccgacgtcgcatagaacg
revcompMer2,gcgatcattgggcacaacgt
revMer3,tcgcgctttcatcgtatcgc
revMer7,gatccgattggaaccgtccc
revMer8,gctatcgttcgttcgaggcc
revMer9,cccatgatcgtccgatctgg
revMer10,aacgagacggtcaatcgcgc
revMer11,agtgaattgctgcgcatcgg
revMer12,aagttcaacgggaccgtggc
revMer13,tctgtttgacgcgctggacg
revMer14,gcaagggacgctcgttacgg
revMer15,ttagtcgtcgcaacgccagg
revMer16,gtaagcgcaacggtggaccg
revMer17,aaattgcgtgacggacctgg
revMer18,gcagattccgctacgctccg
revMer19,gtatccgttcccgacaagcg
revMer20,cggccgaattacatccgtcg
revMer21,tagcgcaggaggtccacgac
revMer23,cgagccaggtcatcctagcc
revMer24,ggtgtggctcggtatcgtgc
revMer26,ggtcgatgccctaatccacg
revMer27,ccataacaacggctagcacg
revMer28,ccctcggtcccaccttacgg
revMer30,aatcgatccactaccgtcga
revMer31,aaccggtacatgacgcggaa
revMer32,gtgaaatcgcagcagcccac
revMer33,tagcaaagccggtagcgaca
revMer34,tgggcatattaagaccgcca
revMer35,gtccgagaaaaggccgccgg
revMer36,cgtcaactaacctgctcggt
RS0639SS,agtgtgggattgatgagata
RS0708SS,gagattagagatgagttgga
revMer4,ataggaaatggtggtagtgt
revMer5,agggtgtgtttgtaaagggt
revMer6,ttggaggtgtagggagtaaa
