Bcd_001,GCTATCGTTCGTTCGAGGCC
Bcd_002,CCCATGATCGTCCGATCTGG
Bcd_003,AACGAGACGGTCAATCGCGC
Bcd_004,AGTGAATTGCTGCGCATCGG
Bcd_005,AAGTTCAACGGGACCGTGGC
Bcd_006,TCTGTTTGACGCGCTGGACG
Bcd_007,GCAAGGGACGCTCGTTACGG
Bcd_008,TTAGTCGTCGCAACGCCAGG
Bcd_009,GTAAGCGCAACGGTGGACCG
Bcd_010,AAATTGCGTGACGGACCTGG
Bcd_011,GCAGATTCCGCTACGCTCCG
Bcd_012,GTATCCGTTCCCGACAAGCG
Bcd_013,CGGCCGAATTACATCCGTCG
Bcd_014,ATTGCCCTACTCGCAAGCGG
Bcd_015,GGTCGATGCCCTAATCCACG
Bcd_016,CCCTCGGTCCCACCTTACGG
Bcd_017,GTTGATTCAAAGATCCGGCG
Bcd_018,GAACTACGCAATTGCGCGAT
Bcd_019,AATCGATCCACTACCGTCGA
Bcd_020,AACCGGTACATGACGCGGAA
Bcd_021,GTGAAATCGCAGCAGCCCAC
Bcd_022,TAGCAAAGCCGGTAGCGACA
Bcd_023,TGGGCATATTAAGACCGCCA
Bcd_024,GTCCGAGAAAAGGCCGCCGG
Bcd_025,CGTCAACTAACCTGCTCGGT
Bcd_027,ATCCGTAGACCAACCGGCCG
Bcd_028,CTGAATCCGTCGTTCCAGAC
Bcd_029,TTATCCATCCCACCGCACCG
Bcd_030,CGAAGTACGCGGTACGAACG
Bcd_031,CAGTTCAACTCGTGCGCACT
Bcd_033,GCCGCGATATTCACGCCGCG
Bcd_034,ATGAAACGTCTGGGCCCGTA
Bcd_035,CTCACGGTACTGGCGGACAC
Bcd_037,AGTCCGCGCCAGGGATACGG
Bcd_038,TAACGCAAGCTGCCTTACGT
Bcd_040,CCCGTCCAAGAGGGCTCGTA
Bcd_041,CGATTAAGTAAAAGGCGCGT
Bcd_042,GCCCGCAGTAACGCTCCGAG
Bcd_043,GTCAGACAAAAGGGCCCGAT
Bcd_044,CTTACACCAGTATCGCGACG
Bcd_045,GCCGCGACTGAGCCGAGTCA
Bcd_046,ACACGGCATCACGGTCCGGC
Bcd_047,GCGAAGGCCTACCGACGCCG
Bcd_048,ACGCACGCTCTCTTGCCGTC
Bcd_049,GTCGCCCGTGCTTCCGGGAC
Bcd_050,TCGGCGTGCCTACGGAATCC
Bcd_051,ACGGTCCACGTCCCACGACG
Bcd_052,GGTGTAGTTCTCCGATTGCG
Bcd_053,GTCGCCTTTATTGAGGCGAT
Bcd_054,GCGCGCGGGTGCGCCCGCTT
Bcd_055,CGCTAACCGGGTGAGCTACG
Bcd_056,CATTGACGCGTCCTCATACG
Bcd_057,TACCTCCATGCCGATAGAGT
Bcd_058,CGGACCCTTTGCCTACGGAC
Bcd_059,gggtctttcgcaccattgtc
Bcd_060,tttgacttcagcggatcatc
Bcd_061,cgatgcgccaattcctcgcg
Bcd_062,tgaaaggctcacggcatctt
Bcd_063,gtggccttagggattggaag
Bcd_064,gagcttggaccgatggcgaa
Bcd_065,ttgcgcgtgatcgctaagtt
Bcd_066,gccggacgaatcagcgatag
Bcd_067,tagacggccgattcgcggct
Bcd_068,ggccgttatttccgggattt
Bcd_069,ctgcgcatcgaatgcccatt
Bcd_070,ttgcagcgccgtggttgacg
Bcd_071,aaagcgcgttgcttcattgg
Bcd_072,tggacgtacaccatcttgcg
Bcd_073,tggtgtaaggcgcgacaaag
Bcd_074,tgtcaagcggtcgcgtgaat
Bcd_075,gtcatacccgagcgcttctc
Bcd_076,agcgattcgccgttgttgac
Bcd_077,tgcgaactgtccggctttca
Bcd_078,tgaggtcgtccggatgagtg
Bcd_079,ttcgcgatgggcctatcgtg
Bcd_080,tttgcactgccgtccttgac
Bcd_081,agtcgcgaggctgactccga
Bcd_082,ttgcgagtgatgtgtatcaa
Bcd_083,cattgcgtgtggcgacgcgt
Bcd_084,gttgaacaaacgcggtgaag
Bcd_085,tgggagatgtccgactctgg
Bcd_086,gttcgattgagggacgtgtc
Bcd_087,ctcttgacatgccggtccaa
Bcd_088,ggatatcgaccggaagtcca
Bcd_089,tctcgtccaaaccgacgtca
Bcd_090,atgtcgggcgctcacaaggg
Bcd_091,caacacgattgccgcttgag
Bcd_092,cgacccatgcggacctgaca
Bcd_093,tttggcactctgggatccac
Bcd_094,tcaagtgcgtcgcgtaagca
Bcd_095,tgtgcgatgatcggaacgac
Bcd_096,cgtgtacgtccacgcaatgt
Bcd_097,cgcgacagcacacgggacgt
Bcd_098,ttgcgcgagaccaactttgg
Bcd_099,gcatcgagttcgtcgcagtc
Bcd_100,aagcggacaccgtcgtgaag
Bcd_101,cctcgcctacgcatgtgggc
Bcd_102,ttgattgaagcggcaatcgc
Bcd_103,atccgagtgtgccgtttgtt
Bcd_104,aacacgggcaagtgcgcagg
Bcd_105,tgccgttcgtctgcgcttgg
Bcd_106,aagatgtggcgaaccttgtg
Bcd_107,gttaccgcaccagggaattt
Bcd_108,agacatcggtcccgtcatga
Bcd_109,tcgttcaccgcgcgttctcg
Bcd_110,ggcagatcggctttgatcgt
Bcd_111,aacaccgagtggcgtacctg
Bcd_112,ggtgtttgccgagccttcgg
Bcd_113,gccgtggagacgacctattt
Bcd_114,agtctcttgcgatgccagag
Bcd_115,gatcgggacatgagcttcat
Bcd_116,cacctcgcgcaaatccaggc
Bcd_117,aagtccgcgcaggaacgtga
Bcd_118,tcatccaatttcgctatccg
Bcd_119,gcacgattcacacgatttga
Bcd_120,tatggacgctgcgcttcccg
Bcd_121,cggtcattgggacggatcgt
Bcd_122,cctttcggagtaacctcgag
Bcd_123,aatgcgcgaccgacttgaac
Bcd_124,ttcgaaagcgtgcgttcatc
Bcd_125,cgaacggcagccaacttgga
Bcd_126,gtttcatcgtggacgggtgc
Bcd_127,gccgacggtttggagttgga
Bcd_128,tgtcaccacgttgcggatca
Bcd_129,tttgctcagggttcgcgctg
Bcd_130,cgcatgggtaatccgtccgg
Bcd_131,cgtatcacttccagcgtgag
Bcd_132,acggcgacttcgtttggcgt
Bcd_133,agtccgtgtaacgcgtaagt
Bcd_134,atttgcgacgtcggttcggt
Bcd_135,gtcaaatccgccaggagtcg
Bcd_136,gggtgcacataggtctgacg
Bcd_137,cacccgtagtcgcggttcgt
Bcd_138,cgagtatggaaccgcgccaa
Bcd_139,tccgaatgccacgcatttgg
Bcd_140,tatggttatgccgacttgca
Bcd_141,agtaagctgggcgcgtgcaa
Bcd_142,acgtgggttgcacggtgcga
Bcd_143,gggacgctcccaaccgactt
Bcd_144,tatgtgccgactgcggagta
Bcd_145,caacggtagtggcagaagtt
Bcd_146,cgaggttgcgcaatcgccga
Bcd_147,tgcaaacggttgacgcgtta
Bcd_148,tggtatgtgaccgcacatca
Bcd_149,ggcgtttcgtcccgtcaaac
Bcd_150,tcgtgattgctggcgaccac
Bcd_151,cagtaggagtctcgcgacga
Bcd_152,gagaaagctcgaccgtccga
Bcd_153,tgatgctcccatgcgttatg
Bcd_154,gcacatctcgccaccatgcc
Bcd_155,aacgttacccgaggcatccc
Bcd_156,aatcgcggcataacccagca
Bcd_157,ggagaatccctgtcccatat
Bcd_158,cgaagtcatggtgcgagcaa
Bcd_159,tcgggacgacagtgatgatg
Bcd_160,gaacgatcgacgtcgagttc
Bcd_161,tcccggatgtcggctgggtt
Bcd_162,atgatcgcaagcccggttgg
Bcd_163,agttcagtagtcgcctcgga
Bcd_164,ttcaagcgagggatgtgcct
Bcd_165,catgagcagttcgcgccgtt
Bcd_166,ttgttgcaatgcccgtcctc
Bcd_167,ccaagattcagcggttcgat
Bcd_168,atggcggacagactcaagcg
Bcd_169,ccgtccgttggaatggtgaa
Bcd_170,cgtaacacgccgccaagtcg
Bcd_171,aatcgtcatcgccacattgc
Bcd_172,gggtttcgcctttcctggcg
Bcd_173,gagttggcgatgcactttgg
Bcd_174,gtcatgcgatacccggcttt
Bcd_175,gtcaagcagtcgcctatgtt
Bcd_176,atgcggcaccttcgatggat
Bcd_177,gatggcgttcattcgtgccc
Bcd_178,actcgtggtcgcgatgtcgc
Bcd_179,tttggtacgcacgcgactgg
Bcd_180,tcggtgggaatgacccaaat
Bcd_181,gtgggcgtgagagggcatgc
Bcd_182,aaggatctctgcgccgacct
Bcd_183,tcccgacatggcgtgtccaa
Bcd_184,ggcgcaatgttcgcgtggtg
Bcd_185,ttgttgcggcgttcgccgtc
Bcd_186,tgctccacattcgcgttcgc
Bcd_187,tgtcttcgttgcggcaatat
Bcd_188,acgacatgttgcgactgtcg
Bcd_189,tagatgcgcacaccgcgatc
Bcd_190,ttacgtgggtgtcggtggtc
Bcd_191,gcaatggacacgctaagatt
Bcd_192,acgcatgccaacttcggtat
Bcd_193,atgctgccgcaccaacgtgc
Bcd_194,tgcgaatcggcgcgaactga
Bcd_195,cgtcggagaacggatcggag
Bcd_196,caacgcccacgagcacgttc
Bcd_197,ggagtgaacgccgattcaac
Bcd_198,atgttgcagccgacaccata
Bcd_199,tcaagcgtgtcggcgttgcg
